,CASENUM,ATTORNEY,CLMSEX,CLMINSUR,SEATBELT,CLMAGE,LOSS
0,5,1,0.0,1.0,0.0,50.0,34.94
1,3,0,1.0,0.0,0.0,18.0,0.891
2,66,0,0.0,1.0,0.0,5.0,0.33
3,70,1,0.0,1.0,1.0,31.0,0.037
4,96,0,0.0,1.0,0.0,30.0,0.038
5,97,1,1.0,1.0,0.0,35.0,0.309
6,10,1,0.0,1.0,0.0,9.0,3.538
7,36,1,1.0,1.0,0.0,34.0,4.881
8,51,0,1.0,1.0,0.0,60.0,0.874
9,55,0,0.0,1.0,0.0,,0.35
10,61,1,1.0,1.0,0.0,37.0,6.19
11,148,1,0.0,1.0,0.0,41.0,19.61
12,150,0,0.0,1.0,0.0,7.0,1.678
13,150,1,1.0,1.0,0.0,40.0,0.673
14,169,0,1.0,1.0,0.0,37.0,0.143
15,171,0,1.0,0.0,0.0,9.0,0.053
16,334,0,1.0,1.0,0.0,58.0,0.05
17,360,1,0.0,1.0,0.0,58.0,0.758
18,376,0,0.0,1.0,0.0,3.0,0.0
19,401,1,1.0,1.0,0.0,38.0,4.754
20,479,1,0.0,,0.0,37.0,3.1
21,480,0,1.0,1.0,0.0,39.0,0.13
22,550,1,0.0,0.0,0.0,38.0,16.161
23,569,1,0.0,,0.0,30.0,0.609
24,580,0,0.0,1.0,0.0,54.0,10.04
25,608,0,1.0,1.0,0.0,3.0,0.787
26,603,0,0.0,1.0,0.0,61.0,0.15
27,606,1,0.0,1.0,0.0,0.0,0.405
28,607,0,0.0,1.0,0.0,40.0,0.405
29,630,1,0.0,1.0,0.0,,0.595
30,640,0,1.0,1.0,0.0,16.0,3.994
31,640,0,0.0,1.0,0.0,,0.337
32,685,0,0.0,1.0,0.0,9.0,0.603
33,700,1,1.0,1.0,0.0,35.0,1.673
34,710,1,1.0,1.0,0.0,35.0,4.751
35,766,1,1.0,1.0,0.0,17.0,3.538
36,775,1,1.0,0.0,0.0,41.0,3.185
37,805,1,1.0,1.0,0.0,50.0,3.7
38,819,0,0.0,1.0,0.0,33.0,0.386
39,838,1,0.0,1.0,0.0,9.0,1.97
40,851,0,0.0,1.0,0.0,34.0,0.904
41,871,1,1.0,0.0,0.0,33.0,8.09
42,905,1,1.0,1.0,0.0,46.0,8.09
43,941,0,1.0,1.0,0.0,55.0,13.1
44,971,0,0.0,1.0,0.0,5.0,0.46
45,61,0,1.0,1.0,0.0,,3.981
46,63,1,0.0,0.0,0.0,16.0,1.74
47,78,0,0.0,1.0,0.0,1.0,0.0
48,91,1,0.0,1.0,0.0,,1.003
49,0,1,0.0,1.0,0.0,40.0,3.1
50,4,1,1.0,1.0,0.0,19.0,3.777
51,54,0,0.0,1.0,0.0,54.0,0.975
52,70,0,1.0,1.0,0.0,,0.497
53,86,0,1.0,1.0,0.0,,0.335
54,178,1,1.0,1.0,0.0,60.0,1.669
55,195,1,0.0,1.0,0.0,30.0,33.633
56,301,0,1.0,1.0,0.0,,0.305
57,304,1,1.0,0.0,0.0,10.0,6.694
58,335,0,1.0,1.0,0.0,44.0,0.139
59,339,0,0.0,1.0,0.0,10.0,0.987
60,354,0,1.0,1.0,0.0,,0.0
61,359,0,0.0,1.0,0.0,,0.53
62,366,1,0.0,,,35.0,5.563
63,387,0,0.0,1.0,0.0,54.0,0.17
64,405,1,1.0,1.0,0.0,38.0,1.513
65,445,0,1.0,1.0,0.0,60.0,0.73
66,470,0,0.0,1.0,0.0,,3.638
67,505,0,0.0,1.0,0.0,30.0,0.08
68,530,0,1.0,0.0,0.0,17.0,0.31
69,590,1,0.0,1.0,0.0,4.0,0.3
70,607,1,0.0,1.0,0.0,56.0,44.06
71,608,1,0.0,1.0,0.0,63.0,1.6
72,614,1,0.0,1.0,0.0,55.0,0.895
73,664,1,0.0,1.0,0.0,47.0,0.441
74,670,0,0.0,1.0,0.0,0.0,0.445
75,740,1,0.0,1.0,0.0,5.0,3.5
76,743,0,0.0,1.0,0.0,38.0,0.909
77,780,0,1.0,1.0,0.0,,0.0
78,784,1,0.0,1.0,0.0,40.0,1.875
79,790,0,0.0,1.0,0.0,57.0,3.889
80,840,1,1.0,1.0,0.0,17.0,1.765
81,908,0,1.0,1.0,0.0,1.0,0.517
82,970,1,1.0,,0.0,,9.73
83,996,1,1.0,0.0,0.0,11.0,1.71
84,1001,1,0.0,1.0,0.0,40.0,0.834
85,1009,0,1.0,1.0,0.0,10.0,1.031
86,1003,1,0.0,1.0,0.0,18.0,3.37
87,1010,0,1.0,1.0,0.0,35.0,0.15
88,1013,1,1.0,1.0,0.0,11.0,4.117
89,1017,1,1.0,1.0,0.0,16.0,4.44
90,1018,0,1.0,1.0,0.0,,0.8
91,1054,1,1.0,1.0,0.0,0.0,4.506
92,1063,0,1.0,1.0,0.0,8.0,0.86
93,1091,1,0.0,1.0,0.0,31.0,3.018
94,1010,1,0.0,1.0,0.0,50.0,1.467
95,1011,0,1.0,1.0,0.0,71.0,0.098
96,1013,0,1.0,1.0,0.0,,3.681
97,1054,1,0.0,1.0,0.0,1.0,34.571
98,1057,1,0.0,1.0,0.0,16.0,8.698
99,1059,0,0.0,1.0,0.0,9.0,0.46
100,1078,0,0.0,1.0,0.0,6.0,0.71
101,1156,0,1.0,1.0,0.0,43.0,0.535
102,1164,1,1.0,1.0,0.0,35.0,1.435
103,1189,1,1.0,1.0,0.0,,1.433
104,1309,0,0.0,1.0,0.0,7.0,0.589
105,1304,1,0.0,1.0,0.0,43.0,4.485
106,1315,1,0.0,1.0,0.0,19.0,40.364
107,1349,1,1.0,0.0,0.0,10.0,3.975
108,1388,0,1.0,1.0,0.0,31.0,0.595
109,1404,1,0.0,1.0,0.0,,0.755
110,1470,1,0.0,1.0,0.0,69.0,1.05
111,1473,0,1.0,1.0,0.0,33.0,0.41
112,1491,1,1.0,0.0,0.0,40.0,5.444
113,1496,0,1.0,1.0,0.0,,0.365
114,1568,0,1.0,1.0,0.0,8.0,0.38
115,1589,1,0.0,1.0,0.0,,3.06
116,1599,0,1.0,1.0,0.0,,0.765
117,1606,1,1.0,1.0,0.0,41.0,3.595
118,1655,1,1.0,1.0,0.0,43.0,3.031
119,1661,0,1.0,1.0,0.0,,6.35
120,1690,1,1.0,1.0,0.0,10.0,0.305
121,1740,1,1.0,1.0,0.0,9.0,5.813
122,1755,1,1.0,1.0,0.0,46.0,0.05
123,1758,1,1.0,1.0,0.0,7.0,1.99
124,1838,1,1.0,1.0,0.0,30.0,4.414
125,1846,0,1.0,1.0,0.0,43.0,3.863
126,1879,0,0.0,1.0,0.0,,0.15
127,1896,1,0.0,1.0,0.0,33.0,7.761
128,1939,0,0.0,1.0,0.0,54.0,0.747
129,1958,0,0.0,1.0,,40.0,1.577
130,1990,0,1.0,1.0,0.0,48.0,0.345
131,3067,0,1.0,1.0,0.0,50.0,0.056
132,3087,1,,,,,3.04
133,3093,1,1.0,1.0,0.0,,9.796
134,3047,1,1.0,1.0,0.0,31.0,4.46
135,3151,0,0.0,1.0,0.0,1.0,0.08
136,3157,0,0.0,1.0,0.0,,0.085
137,3190,1,0.0,1.0,1.0,0.0,1.005
138,3198,0,1.0,1.0,0.0,61.0,0.535
139,3305,1,0.0,1.0,0.0,8.0,0.973
140,3314,1,1.0,1.0,0.0,7.0,0.655
141,3337,0,1.0,1.0,0.0,37.0,3.667
142,3384,1,0.0,1.0,0.0,,0.615
143,3443,1,0.0,1.0,0.0,4.0,8.616
144,3446,1,0.0,1.0,0.0,75.0,3.0
145,3465,0,1.0,1.0,0.0,80.0,0.091
146,3500,0,0.0,1.0,0.0,33.0,1.38
147,3531,1,0.0,1.0,0.0,6.0,49.56
148,3546,1,1.0,1.0,0.0,40.0,59.497
149,3561,0,1.0,1.0,0.0,10.0,0.443
150,3571,1,1.0,1.0,0.0,40.0,8.74
151,3580,1,1.0,1.0,0.0,,1.79
152,3605,0,1.0,1.0,0.0,6.0,0.075
153,3667,1,0.0,1.0,0.0,66.0,0.507
154,3668,1,1.0,1.0,0.0,41.0,1.579
155,3677,1,1.0,1.0,0.0,56.0,6.44
156,3699,1,0.0,1.0,0.0,17.0,33.451
157,3707,1,1.0,1.0,0.0,13.0,40.46
158,3763,1,0.0,,,0.0,9.031
159,3791,0,0.0,0.0,0.0,51.0,0.05
160,3800,0,0.0,0.0,0.0,33.0,1.509
161,3848,0,0.0,1.0,0.0,10.0,0.375
162,3874,0,1.0,1.0,0.0,,0.8
163,3901,1,1.0,1.0,0.0,18.0,4.089
164,3906,0,0.0,0.0,,39.0,0.148
165,3900,0,0.0,1.0,0.0,0.0,0.01
166,3905,0,0.0,1.0,0.0,46.0,0.678
167,3910,0,1.0,0.0,0.0,39.0,0.14
168,3939,1,0.0,1.0,0.0,10.0,4.139
169,3974,1,1.0,1.0,0.0,34.0,0.1
170,3995,1,0.0,1.0,0.0,8.0,0.47
171,4066,1,1.0,1.0,0.0,41.0,4.84
172,4083,1,1.0,1.0,0.0,7.0,4.503
173,4000,1,1.0,1.0,0.0,18.0,1.638
174,4006,1,1.0,1.0,0.0,41.0,3.489
175,4084,0,0.0,1.0,0.0,10.0,4.375
176,4088,0,1.0,1.0,0.0,1.0,0.48
177,4096,0,1.0,1.0,0.0,6.0,0.604
178,4101,0,1.0,1.0,0.0,4.0,4.117
179,4130,1,0.0,1.0,0.0,15.0,9.898
180,4137,0,0.0,0.0,0.0,8.0,1.667
181,4148,0,0.0,1.0,0.0,5.0,0.0
182,4196,0,0.0,1.0,0.0,0.0,0.44
183,4409,1,1.0,1.0,0.0,,1.009
184,4465,0,0.0,1.0,0.0,,7.064
185,4490,1,1.0,1.0,0.0,40.0,1.53
186,4507,1,1.0,1.0,0.0,,0.377
187,4561,1,0.0,1.0,0.0,61.0,0.307
188,4593,1,0.0,,0.0,43.0,0.013
189,4681,0,1.0,0.0,0.0,65.0,0.373
190,4684,0,1.0,1.0,0.0,14.0,1.595
191,4695,1,0.0,1.0,0.0,10.0,5.345
192,4707,0,1.0,1.0,0.0,6.0,0.0
193,4708,0,1.0,1.0,0.0,49.0,3.968
194,4780,1,1.0,1.0,0.0,33.0,0.617
195,4789,0,1.0,1.0,0.0,8.0,1.478
196,4799,1,0.0,1.0,0.0,30.0,3.677
197,4835,0,1.0,1.0,0.0,50.0,0.145
198,4844,1,0.0,1.0,0.0,49.0,0.39
199,4915,0,1.0,,0.0,9.0,3.6
200,4919,0,1.0,1.0,0.0,17.0,0.054
201,4935,0,1.0,1.0,0.0,55.0,0.5
202,4970,1,1.0,1.0,0.0,18.0,3.086
203,5000,1,1.0,0.0,0.0,10.0,1.847
204,5010,1,1.0,0.0,0.0,38.0,0.714
205,5051,1,1.0,1.0,0.0,11.0,1.1
206,5076,0,1.0,1.0,0.0,,0.108
207,5108,0,0.0,1.0,0.0,41.0,0.795
208,5100,1,1.0,1.0,0.0,37.0,15.816
209,5151,0,0.0,0.0,0.0,13.0,4.508
210,5184,0,1.0,1.0,0.0,49.0,0.608
211,5187,0,1.0,1.0,0.0,10.0,0.886
212,5304,0,1.0,1.0,0.0,4.0,0.0
213,5340,0,1.0,1.0,0.0,40.0,3.75
214,5359,1,1.0,1.0,0.0,60.0,0.466
215,5376,0,1.0,1.0,0.0,77.0,0.944
216,5380,0,1.0,1.0,0.0,10.0,3.435
217,5381,1,1.0,1.0,0.0,8.0,5.409
218,5400,0,1.0,1.0,0.0,0.0,0.04
219,5491,0,1.0,1.0,0.0,14.0,0.808
220,5504,0,1.0,1.0,1.0,7.0,0.983
221,5547,0,0.0,1.0,0.0,44.0,0.035
222,5560,0,0.0,1.0,0.0,,3.013
223,5639,0,0.0,1.0,0.0,9.0,1.38
224,5641,0,0.0,1.0,0.0,6.0,0.64
225,5666,1,0.0,1.0,0.0,19.0,1.644
226,5685,0,1.0,1.0,0.0,6.0,1.461
227,5708,1,0.0,1.0,0.0,7.0,0.64
228,5730,1,1.0,1.0,0.0,35.0,4.604
229,5745,0,1.0,1.0,0.0,31.0,3.95
230,5748,0,0.0,1.0,0.0,49.0,0.15
231,5758,0,0.0,1.0,0.0,39.0,1.04
232,5800,0,1.0,1.0,0.0,34.0,4.09
233,5819,1,0.0,0.0,0.0,37.0,1.57
234,5881,1,1.0,,0.0,40.0,3.068
235,5900,1,1.0,1.0,0.0,17.0,1.619
236,5918,1,1.0,1.0,0.0,5.0,0.901
237,5949,1,1.0,0.0,0.0,19.0,0.885
238,5954,0,1.0,1.0,0.0,16.0,0.968
239,5956,0,1.0,1.0,0.0,6.0,0.011
240,5991,0,0.0,1.0,0.0,34.0,0.66
241,6014,0,1.0,1.0,0.0,38.0,6.509
242,6080,1,0.0,1.0,0.0,41.0,40.0
243,6000,1,0.0,1.0,0.0,35.0,3.033
244,6005,0,1.0,1.0,0.0,5.0,0.094
245,6008,0,1.0,1.0,0.0,40.0,3.7
246,6134,0,1.0,1.0,0.0,13.0,0.958
247,6195,0,1.0,1.0,0.0,7.0,0.5
248,6313,1,0.0,1.0,0.0,,1.835
249,6330,0,1.0,1.0,0.0,8.0,0.134
250,6330,0,1.0,1.0,0.0,49.0,0.51
251,6368,1,1.0,1.0,0.0,50.0,6.608
252,6409,0,0.0,1.0,0.0,50.0,0.35
253,6434,1,0.0,1.0,0.0,10.0,5.307
254,6491,1,1.0,1.0,0.0,,3.974
255,6543,1,0.0,1.0,0.0,30.0,4.0
256,6570,1,1.0,1.0,,17.0,3.63
257,6579,1,0.0,1.0,0.0,15.0,3.07
258,6593,1,0.0,1.0,0.0,0.0,0.709
259,6641,1,0.0,1.0,1.0,66.0,4.53
260,6680,0,1.0,1.0,0.0,30.0,0.877
261,6690,0,0.0,1.0,0.0,30.0,0.118
262,6697,0,0.0,0.0,0.0,6.0,0.598
263,6790,0,1.0,1.0,0.0,30.0,0.76
264,6869,1,0.0,1.0,0.0,50.0,0.675
265,6881,1,1.0,1.0,0.0,19.0,1.74
266,6936,0,1.0,1.0,0.0,49.0,4.164
267,6976,0,0.0,1.0,,40.0,0.386
268,7005,0,1.0,1.0,0.0,54.0,0.084
269,7035,1,0.0,0.0,0.0,3.0,0.851
270,7007,1,1.0,1.0,0.0,5.0,0.057
271,7009,1,1.0,1.0,0.0,6.0,4.3
272,7013,1,0.0,1.0,0.0,39.0,1.088
273,7035,0,1.0,1.0,0.0,9.0,3.0
274,7038,1,1.0,1.0,0.0,,0.909
275,7041,1,1.0,1.0,0.0,5.0,0.78
276,7057,1,1.0,1.0,0.0,37.0,4.018
277,7060,0,0.0,1.0,0.0,,81.0
278,7097,0,1.0,1.0,0.0,5.0,0.518
279,7107,1,0.0,1.0,0.0,47.0,0.15
280,7108,1,1.0,1.0,0.0,69.0,1.076
281,7140,0,0.0,1.0,0.0,38.0,1.031
282,7163,0,0.0,1.0,0.0,,0.011
283,7309,1,1.0,1.0,1.0,19.0,3.714
284,7350,0,1.0,1.0,0.0,,0.03
285,7381,0,1.0,1.0,0.0,7.0,7.45
286,7386,1,0.0,1.0,0.0,10.0,1.617
287,7406,1,1.0,1.0,0.0,19.0,68.56
288,7477,0,0.0,1.0,0.0,6.0,0.708
289,7484,1,1.0,1.0,0.0,5.0,6.08
290,7498,0,1.0,1.0,0.0,31.0,0.01
291,7586,1,1.0,1.0,0.0,17.0,3.34
292,7605,1,0.0,1.0,0.0,6.0,1.47
293,7647,1,1.0,1.0,0.0,10.0,3.33
294,7667,0,1.0,1.0,0.0,,3.099
295,7670,1,1.0,0.0,0.0,6.0,1.617
296,7694,0,0.0,1.0,0.0,0.0,0.5
297,7704,0,1.0,1.0,0.0,39.0,0.434
298,7707,0,0.0,1.0,0.0,,0.04
299,7713,0,1.0,1.0,0.0,46.0,1.47
300,7748,1,0.0,1.0,0.0,7.0,0.4
301,7769,0,1.0,0.0,0.0,,0.008
302,7776,0,0.0,1.0,0.0,41.0,3.31
303,7779,1,1.0,1.0,0.0,8.0,0.1
304,7791,0,1.0,1.0,0.0,8.0,0.7
305,7855,0,0.0,1.0,0.0,33.0,0.886
306,7883,0,1.0,1.0,0.0,5.0,4.058
307,7904,0,0.0,1.0,0.0,57.0,0.5
308,7909,0,1.0,1.0,0.0,36.0,0.15
309,7930,0,0.0,1.0,0.0,35.0,9.061
310,7971,0,0.0,1.0,0.0,41.0,0.746
311,7980,1,1.0,1.0,0.0,15.0,1.377
312,7996,1,1.0,0.0,0.0,13.0,1.056
313,7999,1,0.0,0.0,0.0,49.0,0.998
314,8005,0,1.0,1.0,0.0,0.0,1.38
315,8033,0,1.0,1.0,0.0,13.0,0.1
316,8036,0,0.0,1.0,0.0,0.0,0.005
317,8051,0,1.0,1.0,0.0,6.0,0.04
318,8174,0,1.0,1.0,0.0,,0.05
319,8300,1,0.0,1.0,0.0,36.0,1.104
320,8336,0,1.0,1.0,0.0,48.0,0.47
321,8338,0,0.0,1.0,0.0,10.0,0.505
322,8354,0,1.0,1.0,0.0,39.0,1.113
323,8380,0,0.0,1.0,0.0,6.0,4.478
324,8397,1,0.0,,0.0,,18.06
325,8400,0,1.0,1.0,0.0,46.0,0.005
326,8406,1,1.0,1.0,0.0,0.0,0.057
327,8410,1,1.0,1.0,0.0,9.0,3.309
328,8414,0,0.0,1.0,0.0,38.0,1.408
329,8418,0,1.0,1.0,0.0,6.0,5.049
330,8434,1,0.0,0.0,0.0,5.0,0.368
331,8471,0,0.0,1.0,0.0,54.0,1.405
332,8509,0,1.0,1.0,0.0,,1.0
333,8519,1,0.0,0.0,0.0,31.0,41.115
334,8570,1,0.0,1.0,0.0,8.0,5.83
335,8581,0,0.0,1.0,0.0,,0.9
336,8647,1,0.0,1.0,0.0,46.0,4.159
337,8673,0,1.0,1.0,0.0,33.0,0.78
338,8686,0,0.0,1.0,0.0,7.0,0.701
339,8699,0,1.0,1.0,0.0,11.0,4.19
340,8706,1,1.0,1.0,0.0,6.0,0.14
341,8713,0,1.0,1.0,0.0,41.0,4.691
342,8748,1,0.0,1.0,0.0,39.0,1.043
343,8770,0,1.0,1.0,0.0,16.0,0.861
344,8811,1,0.0,1.0,0.0,36.0,0.73
345,8816,1,0.0,0.0,0.0,19.0,1.43
346,8830,0,1.0,0.0,0.0,61.0,0.83
347,8846,0,1.0,1.0,0.0,56.0,3.009
348,8886,1,1.0,1.0,0.0,14.0,1.83
349,8938,0,1.0,1.0,0.0,34.0,4.349
350,8939,1,0.0,1.0,0.0,45.0,5.735
351,8940,1,1.0,1.0,0.0,53.0,7.549
352,8999,0,0.0,1.0,0.0,38.0,0.199
353,9047,0,1.0,,,10.0,0.163
354,9081,1,1.0,0.0,0.0,13.0,3.091
355,9030,1,1.0,0.0,0.0,36.0,4.405
356,9034,0,0.0,1.0,0.0,16.0,1.85
357,9071,1,1.0,1.0,0.0,31.0,9.017
358,9086,0,1.0,1.0,0.0,41.0,0.671
359,9097,1,1.0,1.0,0.0,60.0,3.997
360,9103,0,0.0,1.0,0.0,10.0,0.09
361,9113,1,1.0,1.0,0.0,44.0,3.199
362,9114,0,0.0,,0.0,9.0,1.77
363,9146,1,1.0,1.0,0.0,46.0,173.604
364,9151,0,1.0,1.0,0.0,8.0,0.405
365,9173,0,1.0,1.0,0.0,38.0,3.055
366,9304,1,0.0,1.0,0.0,,4.04
367,9330,1,0.0,1.0,0.0,34.0,0.567
368,9378,0,0.0,1.0,0.0,16.0,1.07
369,9407,0,0.0,1.0,0.0,0.0,0.035
370,9400,0,0.0,1.0,0.0,59.0,0.0
371,9437,1,1.0,1.0,0.0,30.0,3.634
372,9443,0,1.0,1.0,0.0,9.0,0.47
373,9510,1,1.0,1.0,0.0,,3.335
374,9514,1,1.0,1.0,0.0,46.0,8.801
375,9544,0,1.0,1.0,0.0,40.0,5.44
376,9546,1,1.0,1.0,0.0,54.0,1.149
377,9553,1,1.0,1.0,0.0,37.0,4.86
378,9555,1,1.0,1.0,0.0,67.0,1.035
379,9581,1,0.0,1.0,0.0,34.0,3.85
380,9600,1,1.0,1.0,0.0,8.0,0.989
381,9603,0,1.0,1.0,0.0,59.0,3.595
382,9604,1,1.0,1.0,0.0,35.0,8.508
383,9608,1,1.0,1.0,0.0,41.0,1.306
384,9605,1,0.0,1.0,0.0,6.0,0.905
385,9647,0,0.0,0.0,0.0,,0.371
386,9653,1,1.0,1.0,0.0,35.0,0.86
387,9660,0,1.0,1.0,0.0,55.0,0.604
388,9704,1,0.0,1.0,0.0,,3.595
389,9704,1,1.0,1.0,0.0,16.0,4.665
390,9758,0,1.0,1.0,0.0,36.0,1.351
391,9791,0,0.0,1.0,0.0,8.0,0.083
392,9793,0,1.0,1.0,0.0,6.0,0.495
393,9806,1,1.0,1.0,0.0,3.0,0.035
394,9800,1,1.0,,,5.0,5.163
395,9817,0,1.0,1.0,0.0,,0.756
396,9879,0,1.0,1.0,0.0,54.0,1.677
397,9910,0,0.0,,0.0,40.0,1.408
398,38,0,1.0,1.0,0.0,,0.056
399,6,1,0.0,1.0,0.0,,0.04
400,5,1,1.0,1.0,0.0,43.0,6.109
401,7,0,1.0,,,13.0,0.647
402,19,1,0.0,1.0,0.0,83.0,18.109
403,106,1,0.0,1.0,0.0,10.0,50.0
404,116,0,0.0,0.0,0.0,,0.684
405,156,1,0.0,1.0,0.0,13.0,4.776
406,188,1,1.0,1.0,0.0,35.0,5.405
407,198,0,1.0,1.0,,0.0,0.584
408,308,1,1.0,1.0,0.0,15.0,1.998
409,319,1,1.0,1.0,0.0,,1.995
410,479,1,1.0,1.0,0.0,45.0,49.015
411,545,0,1.0,1.0,0.0,40.0,0.834
412,564,1,0.0,0.0,0.0,5.0,1.6
413,565,0,0.0,1.0,0.0,49.0,1.68
414,575,1,0.0,1.0,0.0,14.0,4.916
415,590,1,0.0,1.0,0.0,48.0,68.548
416,593,0,0.0,1.0,0.0,43.0,0.745
417,606,1,0.0,1.0,0.0,60.0,5.087
418,758,0,1.0,1.0,0.0,9.0,0.185
419,861,1,0.0,0.0,0.0,50.0,3.719
420,870,0,1.0,1.0,0.0,10.0,1.97
421,876,0,0.0,1.0,0.0,40.0,0.505
422,884,1,0.0,1.0,0.0,6.0,0.396
423,895,0,1.0,1.0,0.0,11.0,0.487
424,945,0,0.0,0.0,0.0,15.0,0.54
425,960,1,1.0,1.0,0.0,11.0,1.13
426,993,0,1.0,1.0,0.0,10.0,0.385
427,997,1,1.0,,,,1.7
428,6,1,1.0,1.0,,4.0,0.057
429,30,1,1.0,1.0,0.0,16.0,0.089
430,64,1,0.0,0.0,0.0,15.0,0.984
431,94,1,1.0,1.0,0.0,,0.406
432,7,1,1.0,1.0,0.0,11.0,6.084
433,34,1,1.0,1.0,0.0,59.0,54.711
434,95,0,1.0,1.0,0.0,,3.584
435,99,1,0.0,1.0,0.0,36.0,4.045
436,158,1,1.0,1.0,0.0,6.0,3.47
437,169,0,1.0,1.0,0.0,40.0,4.0
438,171,1,1.0,1.0,0.0,6.0,3.883
439,189,0,0.0,1.0,0.0,57.0,3.889
440,196,0,0.0,1.0,0.0,,0.1
441,300,1,0.0,1.0,0.0,,1.63
442,308,1,1.0,1.0,0.0,40.0,0.857
443,330,0,1.0,1.0,0.0,7.0,0.557
444,331,1,1.0,1.0,0.0,10.0,3.064
445,363,1,1.0,1.0,0.0,,3.5
446,364,0,1.0,1.0,1.0,5.0,0.555
447,450,0,1.0,1.0,0.0,33.0,3.089
448,453,1,0.0,1.0,0.0,64.0,3.457
449,456,1,1.0,1.0,0.0,19.0,3.95
450,460,0,1.0,0.0,0.0,37.0,1.868
451,579,0,1.0,0.0,0.0,7.0,0.6
452,590,1,1.0,1.0,,5.0,0.488
453,617,1,1.0,1.0,0.0,5.0,0.995
454,656,1,1.0,,,0.0,0.109
455,696,0,0.0,,0.0,35.0,0.5
456,700,1,1.0,0.0,0.0,43.0,7.068
457,703,0,1.0,1.0,0.0,48.0,0.116
458,733,1,1.0,1.0,0.0,,93.0
459,763,0,1.0,,,66.0,0.985
460,768,0,1.0,1.0,0.0,10.0,1.069
461,873,0,1.0,1.0,0.0,0.0,0.08
462,883,0,0.0,1.0,0.0,34.0,1.36
463,890,0,0.0,1.0,0.0,14.0,1.086
464,907,0,0.0,1.0,0.0,30.0,0.5
465,901,1,,,,,1.069
466,904,0,1.0,1.0,0.0,50.0,0.045
467,905,0,0.0,1.0,,38.0,0.405
468,907,1,1.0,1.0,0.0,1.0,3.407
469,933,0,0.0,1.0,0.0,6.0,0.548
470,936,1,0.0,0.0,0.0,5.0,1.83
471,1003,0,0.0,1.0,0.0,,0.47
472,1090,1,1.0,1.0,0.0,50.0,4.005
473,1010,1,0.0,1.0,0.0,6.0,5.505
474,1030,1,0.0,0.0,0.0,30.0,8.07
475,1031,1,1.0,1.0,0.0,14.0,0.08
476,1058,1,0.0,1.0,1.0,39.0,61.047
477,1085,1,1.0,1.0,0.0,48.0,1.05
478,1110,1,0.0,1.0,1.0,10.0,1.318
479,1139,1,1.0,1.0,0.0,13.0,0.16
480,1150,0,0.0,1.0,0.0,47.0,0.09
481,1186,1,1.0,1.0,0.0,70.0,0.566
482,1308,0,1.0,1.0,0.0,35.0,0.975
483,1404,0,0.0,,,,0.37
484,1454,0,1.0,1.0,0.0,,0.783
485,1474,1,1.0,1.0,0.0,70.0,1.698
486,1478,0,1.0,1.0,0.0,39.0,0.84
487,1495,0,0.0,1.0,0.0,43.0,3.049
488,1500,1,0.0,0.0,0.0,,0.081
489,1544,1,1.0,1.0,0.0,35.0,3.603
490,1545,0,0.0,1.0,0.0,,0.4
491,1580,1,,1.0,0.0,14.0,5.5
492,1598,0,1.0,1.0,0.0,47.0,0.609
493,1670,1,1.0,1.0,0.0,15.0,3.085
494,1700,0,0.0,0.0,0.0,8.0,0.066
495,1767,0,1.0,1.0,0.0,,0.085
496,1785,1,1.0,1.0,0.0,9.0,1.645
497,1810,0,1.0,1.0,0.0,7.0,0.405
498,1843,0,1.0,1.0,0.0,3.0,0.1
499,1847,1,1.0,1.0,0.0,35.0,6.416
500,1901,1,0.0,1.0,0.0,55.0,6.85
501,1910,0,0.0,1.0,0.0,45.0,3.955
502,1935,1,0.0,1.0,0.0,40.0,7.7
503,1944,0,0.0,1.0,0.0,1.0,0.3
504,1980,0,0.0,1.0,1.0,49.0,1.633
505,1985,0,0.0,1.0,0.0,,3.854
506,1993,1,0.0,1.0,0.0,50.0,3.054
507,3003,0,0.0,1.0,0.0,47.0,0.15
508,3034,1,0.0,1.0,0.0,8.0,1.908
509,3070,1,1.0,1.0,1.0,,1.619
510,3090,0,0.0,1.0,0.0,19.0,0.957
511,3043,1,1.0,1.0,0.0,8.0,3.086
512,3060,1,0.0,1.0,0.0,5.0,0.453
513,3096,0,1.0,1.0,0.0,64.0,0.061
514,3133,0,0.0,1.0,0.0,19.0,0.605
515,3136,1,0.0,0.0,0.0,6.0,0.095
516,3149,0,1.0,1.0,0.0,64.0,0.131
517,3304,0,0.0,1.0,0.0,37.0,3.709
518,3309,1,1.0,0.0,0.0,5.0,3.06
519,3334,0,1.0,1.0,0.0,0.0,0.151
520,3401,1,1.0,1.0,0.0,63.0,0.34
521,3490,0,1.0,1.0,0.0,3.0,0.716
522,3570,1,,1.0,0.0,,7.857
523,3608,1,1.0,,,7.0,7.707
524,3700,1,0.0,1.0,0.0,5.0,0.065
525,3708,0,0.0,1.0,0.0,13.0,0.085
526,3734,1,0.0,1.0,0.0,57.0,6.063
527,3748,1,0.0,,0.0,,0.005
528,3753,1,1.0,1.0,0.0,51.0,4.366
529,3808,1,0.0,1.0,0.0,30.0,1.548
530,3840,0,0.0,1.0,0.0,,0.431
531,3906,0,1.0,1.0,0.0,50.0,0.435
532,3930,1,0.0,1.0,0.0,1.0,0.095
533,3957,0,1.0,1.0,1.0,30.0,1.069
534,3978,0,1.0,1.0,0.0,47.0,0.077
535,3990,1,1.0,1.0,0.0,3.0,0.843
536,4050,0,1.0,1.0,0.0,11.0,5.515
537,4084,1,0.0,1.0,0.0,7.0,1.305
538,4000,0,1.0,1.0,0.0,,3.51
539,4005,0,0.0,1.0,0.0,9.0,8.08
540,4030,1,0.0,1.0,0.0,31.0,3.035
541,4040,1,0.0,0.0,0.0,5.0,0.656
542,4044,1,0.0,1.0,0.0,56.0,3.01
543,4047,1,0.0,1.0,0.0,44.0,3.666
544,4067,0,0.0,1.0,0.0,34.0,3.394
545,4074,1,1.0,1.0,0.0,49.0,3.76
546,4086,0,1.0,1.0,0.0,,3.09
547,4100,1,1.0,,,0.0,0.91
548,4161,1,0.0,0.0,0.0,43.0,5.083
549,4163,0,1.0,1.0,0.0,64.0,0.948
550,4171,1,0.0,1.0,0.0,,7.438
551,4179,1,0.0,0.0,0.0,16.0,0.83
552,4305,1,0.0,1.0,0.0,19.0,4.781
553,4319,1,1.0,0.0,0.0,3.0,0.579
554,4350,0,1.0,,,,0.5
555,4357,0,1.0,1.0,0.0,34.0,8.4
556,4366,0,0.0,1.0,0.0,58.0,0.895
557,4375,0,0.0,1.0,0.0,30.0,0.565
558,4404,1,0.0,1.0,0.0,57.0,4.996
559,4458,0,1.0,1.0,0.0,,0.105
560,4489,1,1.0,0.0,0.0,14.0,3.804
561,4507,1,1.0,1.0,0.0,11.0,3.754
562,4565,0,1.0,1.0,0.0,,0.06
563,4600,0,1.0,1.0,0.0,4.0,1.883
564,4604,0,1.0,1.0,0.0,37.0,0.5
565,4633,1,0.0,0.0,0.0,19.0,3.04
566,4679,0,1.0,1.0,0.0,39.0,0.0
567,4697,0,1.0,0.0,0.0,40.0,8.406
568,4740,1,0.0,1.0,0.0,54.0,1.077
569,4767,1,0.0,1.0,0.0,5.0,1.737
570,4799,1,0.0,1.0,0.0,16.0,0.091
571,4806,0,1.0,1.0,0.0,44.0,3.313
572,4830,1,0.0,1.0,0.0,3.0,0.6
573,4845,0,0.0,1.0,0.0,9.0,1.691
574,4859,1,1.0,1.0,0.0,49.0,6.371
575,4863,1,0.0,1.0,0.0,70.0,3.706
576,4893,0,0.0,1.0,0.0,10.0,0.305
577,4908,1,1.0,1.0,0.0,15.0,4.554
578,4967,0,0.0,1.0,0.0,7.0,0.778
579,4975,1,0.0,1.0,0.0,,66.689
580,4991,1,1.0,1.0,0.0,8.0,6.047
581,4995,0,0.0,1.0,0.0,30.0,0.384
582,4998,0,1.0,1.0,0.0,10.0,0.107
583,5011,0,1.0,0.0,0.0,,3.361
584,5071,0,1.0,1.0,0.0,63.0,0.184
585,5043,1,0.0,0.0,0.0,36.0,3.175
586,5060,1,1.0,1.0,0.0,17.0,41.434
587,5081,1,1.0,1.0,0.0,70.0,3.78
588,5095,1,1.0,1.0,0.0,,0.536
589,5108,0,1.0,1.0,0.0,30.0,0.83
590,5369,0,1.0,1.0,0.0,6.0,0.1
591,5404,0,1.0,1.0,0.0,11.0,0.546
592,5415,1,1.0,1.0,0.0,38.0,4.977
593,5419,0,0.0,1.0,0.0,8.0,1.99
594,5431,0,1.0,1.0,0.0,43.0,0.007
595,5436,1,0.0,1.0,0.0,31.0,5.55
596,5457,0,1.0,1.0,0.0,70.0,0.108
597,5500,0,0.0,1.0,0.0,60.0,0.073
598,5518,0,1.0,1.0,0.0,9.0,0.55
599,5519,1,1.0,1.0,0.0,37.0,63.361
600,5548,1,0.0,1.0,0.0,50.0,0.935
601,5550,0,1.0,1.0,,19.0,0.015
602,5557,0,1.0,1.0,0.0,13.0,0.15
603,5589,1,1.0,1.0,0.0,8.0,3.005
604,5599,1,1.0,1.0,0.0,11.0,3.6
605,5670,0,1.0,1.0,0.0,,0.114
606,5680,1,0.0,1.0,,50.0,3.041
607,5704,1,1.0,1.0,0.0,4.0,0.655
608,5790,0,0.0,1.0,0.0,0.0,0.15
609,5848,1,1.0,1.0,0.0,9.0,5.5
610,5930,0,0.0,1.0,0.0,33.0,0.596
611,5931,1,0.0,1.0,0.0,,0.199
612,5954,0,0.0,1.0,0.0,30.0,0.03
613,5990,1,0.0,1.0,0.0,16.0,4.94
614,6016,0,1.0,1.0,0.0,,1.64
615,6000,0,1.0,1.0,0.0,0.0,0.407
616,6016,1,1.0,1.0,0.0,39.0,3.47
617,6037,1,1.0,1.0,0.0,36.0,15.766
618,6110,0,0.0,1.0,0.0,83.0,0.38
619,6175,1,0.0,0.0,0.0,7.0,1.815
620,6195,0,1.0,1.0,0.0,41.0,3.043
621,6317,0,0.0,1.0,0.0,38.0,3.787
622,6330,1,0.0,1.0,0.0,1.0,0.89
623,6353,1,1.0,1.0,0.0,67.0,4.109
624,6379,0,0.0,,0.0,10.0,0.558
625,6408,1,1.0,1.0,0.0,71.0,8.708
626,6409,1,0.0,1.0,0.0,73.0,8.108
627,6445,1,1.0,1.0,0.0,40.0,6.337
628,6453,0,1.0,1.0,0.0,48.0,0.058
629,6461,1,0.0,1.0,0.0,7.0,0.33
630,6495,1,1.0,0.0,0.0,,3.635
631,6531,1,0.0,0.0,0.0,50.0,0.01
632,6543,1,1.0,1.0,0.0,1.0,3.404
633,6556,1,1.0,1.0,0.0,37.0,1.851
634,6568,1,1.0,1.0,1.0,10.0,8.053
635,6585,1,0.0,1.0,0.0,95.0,0.08
636,6605,0,1.0,1.0,0.0,0.0,0.175
637,6665,1,0.0,1.0,0.0,44.0,3.9
638,6697,1,0.0,1.0,0.0,31.0,0.155
639,6703,1,0.0,1.0,0.0,10.0,0.135
640,6709,1,0.0,1.0,0.0,44.0,1.645
641,6710,1,0.0,1.0,0.0,45.0,3.9
642,6717,1,0.0,1.0,0.0,30.0,6.808
643,6755,0,1.0,1.0,0.0,10.0,0.041
644,6794,1,0.0,1.0,0.0,,1.905
645,6795,1,0.0,1.0,0.0,17.0,5.118
646,6841,0,1.0,0.0,0.0,10.0,1.64
647,6843,0,1.0,1.0,0.0,70.0,0.06
648,6907,1,0.0,1.0,0.0,7.0,3.436
649,6914,1,1.0,1.0,1.0,10.0,0.936
650,6958,1,0.0,1.0,0.0,1.0,0.035
651,7010,0,0.0,1.0,0.0,33.0,0.393
652,7011,1,1.0,1.0,0.0,0.0,0.116
653,7098,1,0.0,1.0,0.0,34.0,6.57
654,7033,1,0.0,1.0,0.0,43.0,0.405
655,7044,1,1.0,1.0,0.0,,0.935
656,7057,1,0.0,1.0,0.0,35.0,3.36
657,7059,0,1.0,1.0,0.0,43.0,3.498
658,7063,1,0.0,1.0,0.0,14.0,4.479
659,7085,1,1.0,1.0,0.0,10.0,1.406
660,7087,1,1.0,,,,0.3
661,7111,0,1.0,1.0,0.0,41.0,9.16
662,7175,0,1.0,1.0,0.0,0.0,0.005
663,7186,0,1.0,1.0,0.0,47.0,0.5
664,7363,1,0.0,0.0,0.0,31.0,0.738
665,7373,1,0.0,1.0,0.0,39.0,4.308
666,7397,0,0.0,1.0,0.0,,0.075
667,7403,0,0.0,1.0,0.0,,0.133
668,7406,1,1.0,1.0,0.0,39.0,3.086
669,7407,0,1.0,1.0,0.0,60.0,0.064
670,7488,1,0.0,,0.0,49.0,0.7
671,7539,0,1.0,1.0,0.0,55.0,0.03
672,7550,0,1.0,0.0,0.0,33.0,0.0
673,7635,1,1.0,1.0,0.0,41.0,7.013
674,7707,1,1.0,1.0,0.0,33.0,5.467
675,7709,0,1.0,1.0,0.0,39.0,0.831
676,7716,1,0.0,1.0,0.0,,3.906
677,7719,1,0.0,1.0,0.0,43.0,4.41
678,7731,0,0.0,0.0,0.0,48.0,0.855
679,7737,1,1.0,1.0,0.0,48.0,5.449
680,7790,0,1.0,1.0,0.0,19.0,0.553
681,7831,1,1.0,1.0,0.0,9.0,1.803
682,7840,1,1.0,,,34.0,0.945
683,7840,0,0.0,1.0,0.0,16.0,0.175
684,7885,0,1.0,0.0,0.0,19.0,5.4
685,7933,0,0.0,,,,0.004
686,7985,0,1.0,1.0,0.0,80.0,1.613
687,7994,0,1.0,1.0,0.0,43.0,0.31
688,8007,1,0.0,1.0,0.0,13.0,1.915
689,8063,1,1.0,0.0,0.0,11.0,7.407
690,8065,0,0.0,1.0,0.0,5.0,0.315
691,8070,0,1.0,1.0,0.0,15.0,6.795
692,8089,0,1.0,1.0,0.0,50.0,0.946
693,8041,1,1.0,1.0,0.0,,0.305
694,8045,1,0.0,1.0,0.0,19.0,0.348
695,8057,1,0.0,1.0,0.0,40.0,6.479
696,8075,0,1.0,1.0,0.0,11.0,3.78
697,8077,0,0.0,1.0,0.0,,0.4
698,8104,0,0.0,1.0,0.0,60.0,0.1
699,8105,1,1.0,1.0,0.0,43.0,8.49
700,8133,1,1.0,1.0,0.0,41.0,0.801
701,8155,1,0.0,1.0,0.0,49.0,0.33
702,8170,1,1.0,1.0,0.0,40.0,3.57
703,8198,0,1.0,1.0,0.0,0.0,0.05
704,8308,1,1.0,1.0,0.0,10.0,7.079
705,8334,0,0.0,1.0,0.0,5.0,0.15
706,8353,0,1.0,1.0,0.0,,1.01
707,8360,0,1.0,1.0,0.0,45.0,0.9
708,8384,1,1.0,1.0,0.0,37.0,1.805
709,8387,0,0.0,1.0,0.0,57.0,1.019
710,8396,1,0.0,1.0,0.0,15.0,6.119
711,8400,0,1.0,1.0,0.0,40.0,5.967
712,8483,1,1.0,1.0,0.0,9.0,0.707
713,8500,1,0.0,1.0,0.0,,4.395
714,8513,0,1.0,1.0,0.0,58.0,0.354
715,8553,0,0.0,1.0,0.0,13.0,6.979
716,8563,1,1.0,1.0,0.0,30.0,1.105
717,8576,1,0.0,1.0,0.0,18.0,3.065
718,8609,1,1.0,1.0,0.0,55.0,19.934
719,8644,0,1.0,1.0,0.0,33.0,0.781
720,8647,1,1.0,1.0,0.0,17.0,3.737
721,8670,1,0.0,1.0,0.0,34.0,8.706
722,8674,1,0.0,1.0,0.0,,3.545
723,8683,1,0.0,1.0,0.0,17.0,3.055
724,8698,1,1.0,1.0,0.0,7.0,0.15
725,8765,0,0.0,1.0,0.0,44.0,0.763
726,8773,0,0.0,1.0,0.0,36.0,0.053
727,8774,0,0.0,1.0,0.0,10.0,3.974
728,8783,1,0.0,1.0,0.0,9.0,3.1
729,8809,0,0.0,1.0,0.0,11.0,0.5
730,8811,0,0.0,1.0,0.0,0.0,0.05
731,8814,1,0.0,1.0,0.0,30.0,4.014
732,8847,0,0.0,1.0,0.0,,5.01
733,8903,0,0.0,0.0,0.0,11.0,0.3
734,8950,0,1.0,1.0,0.0,17.0,0.069
735,8960,1,0.0,1.0,0.0,0.0,0.014
736,8983,1,0.0,1.0,0.0,13.0,7.936
737,8985,0,1.0,1.0,0.0,88.0,0.703
738,9041,1,0.0,0.0,0.0,78.0,4.115
739,9090,1,0.0,1.0,0.0,6.0,4.076
740,9104,1,1.0,1.0,0.0,70.0,0.035
741,9101,1,1.0,1.0,0.0,30.0,5.01
742,9118,0,1.0,1.0,0.0,8.0,0.401
743,9131,1,1.0,1.0,0.0,40.0,6.674
744,9160,1,1.0,1.0,0.0,40.0,5.091
745,9163,0,0.0,1.0,0.0,8.0,9.004
746,9164,0,0.0,1.0,0.0,69.0,0.48
747,9193,0,1.0,1.0,0.0,,0.848
748,9330,1,0.0,1.0,0.0,38.0,3.004
749,9404,0,0.0,1.0,0.0,36.0,0.009
750,9411,1,1.0,1.0,0.0,4.0,0.191
751,9413,1,1.0,1.0,0.0,,1.0
752,9415,0,1.0,1.0,0.0,39.0,4.095
753,9430,0,0.0,1.0,0.0,15.0,0.16
754,9477,0,1.0,1.0,0.0,,9.436
755,9480,0,0.0,1.0,0.0,80.0,0.703
756,9578,1,1.0,1.0,0.0,53.0,3.04
757,9604,1,0.0,1.0,0.0,39.0,3.741
758,9609,1,0.0,1.0,0.0,40.0,1.073
759,9617,1,0.0,0.0,0.0,30.0,9.909
760,9630,1,1.0,1.0,0.0,38.0,3.055
761,9686,1,0.0,1.0,0.0,0.0,0.4
762,9691,1,0.0,0.0,0.0,45.0,3.305
763,9795,0,0.0,1.0,0.0,60.0,0.0
764,9796,1,1.0,1.0,0.0,9.0,4.614
765,9816,1,0.0,1.0,1.0,30.0,0.077
766,9851,0,0.0,1.0,0.0,0.0,0.065
767,9875,1,1.0,0.0,0.0,18.0,1.817
768,9877,0,1.0,1.0,0.0,,0.115
769,9881,0,1.0,1.0,0.0,40.0,0.969
770,9885,0,0.0,1.0,0.0,,0.614
771,9895,0,1.0,1.0,0.0,43.0,0.166
772,9900,0,0.0,0.0,0.0,,0.138
773,9903,1,0.0,1.0,0.0,,4.395
774,9933,0,1.0,1.0,0.0,6.0,0.109
775,9964,0,1.0,1.0,0.0,19.0,3.777
776,9993,1,0.0,1.0,,,1.364
777,9998,0,1.0,1.0,0.0,6.0,0.046
778,9999,0,1.0,1.0,0.0,38.0,0.155
779,10000,0,1.0,1.0,0.0,,0.0
780,10000,1,1.0,1.0,0.0,40.0,3.993
781,10050,0,0.0,1.0,0.0,3.0,0.084
782,10070,1,1.0,1.0,0.0,9.0,0.68
783,10035,0,1.0,1.0,0.0,,0.894
784,10040,0,1.0,1.0,0.0,,3.975
785,10048,1,0.0,1.0,0.0,15.0,1.035
786,10067,0,1.0,1.0,0.0,19.0,3.858
787,10090,1,0.0,1.0,0.0,50.0,51.146
788,10100,0,0.0,1.0,0.0,,0.15
789,10164,0,0.0,1.0,0.0,,1.053
790,10178,1,0.0,1.0,0.0,37.0,8.77
791,10300,1,0.0,0.0,0.0,,74.776
792,10470,0,1.0,1.0,0.0,10.0,0.5
793,10487,1,0.0,1.0,0.0,6.0,0.53
794,10613,0,1.0,1.0,0.0,33.0,3.365
795,10677,0,0.0,0.0,0.0,49.0,3.763
796,10687,1,1.0,1.0,0.0,9.0,3.386
797,10694,0,1.0,1.0,0.0,69.0,7.61
798,10695,0,1.0,1.0,0.0,8.0,1.354
799,10707,1,1.0,1.0,0.0,17.0,0.0
800,10708,0,0.0,0.0,0.0,41.0,0.457
801,10755,0,1.0,1.0,0.0,8.0,0.108
802,10790,1,1.0,1.0,0.0,11.0,3.713
803,10850,1,0.0,0.0,0.0,5.0,0.97
804,10864,1,1.0,1.0,0.0,47.0,5.004
805,10894,0,1.0,1.0,,,0.005
806,10900,1,1.0,1.0,0.0,50.0,3.348
807,10907,1,0.0,1.0,0.0,16.0,111.405
808,10908,1,1.0,1.0,0.0,,50.0
809,10940,0,0.0,1.0,0.0,0.0,0.055
810,10945,1,1.0,,,47.0,8.053
811,10975,0,1.0,1.0,0.0,38.0,0.701
812,10990,0,1.0,1.0,0.0,16.0,0.16
813,10006,1,0.0,1.0,0.0,8.0,78.767
814,10084,1,0.0,1.0,0.0,73.0,1.715
815,10003,1,0.0,0.0,0.0,40.0,1.55
816,10001,1,1.0,1.0,0.0,41.0,5.995
817,10060,0,0.0,1.0,0.0,48.0,0.39
818,10105,1,1.0,1.0,0.0,7.0,6.0
819,10180,1,1.0,1.0,1.0,0.0,3.089
820,10190,0,0.0,1.0,0.0,40.0,0.31
821,10300,0,1.0,1.0,0.0,16.0,0.6
822,10354,1,1.0,1.0,0.0,44.0,6.4
823,10369,1,0.0,1.0,0.0,,7.018
824,10376,1,0.0,1.0,0.0,,1.799
825,10379,0,1.0,1.0,0.0,17.0,3.186
826,10404,1,1.0,1.0,0.0,64.0,1.87
827,10416,1,0.0,0.0,,13.0,1.065
828,10440,1,0.0,1.0,0.0,30.0,6.967
829,10455,0,1.0,1.0,0.0,6.0,0.488
830,10504,1,1.0,1.0,0.0,34.0,6.057
831,10510,0,0.0,0.0,0.0,37.0,0.544
832,10533,0,1.0,1.0,0.0,43.0,4.088
833,10537,1,1.0,1.0,0.0,10.0,31.005
834,10561,1,1.0,1.0,0.0,48.0,1.05
835,10570,0,1.0,1.0,0.0,30.0,0.3
836,10631,1,1.0,1.0,,40.0,3.505
837,10633,1,1.0,1.0,0.0,44.0,0.486
838,10635,1,0.0,0.0,0.0,8.0,1.807
839,10681,0,0.0,1.0,0.0,,1.0
840,10750,1,0.0,1.0,0.0,6.0,0.133
841,10766,1,1.0,1.0,0.0,45.0,3.65
842,10779,0,0.0,1.0,0.0,7.0,0.03
843,10809,0,1.0,1.0,0.0,,1.4
844,10839,1,0.0,1.0,0.0,49.0,4.378
845,10840,0,1.0,,0.0,11.0,0.4
846,10918,1,0.0,1.0,1.0,11.0,0.906
847,10941,1,0.0,1.0,0.0,10.0,3.371
848,10970,1,0.0,1.0,0.0,30.0,4.37
849,10976,0,1.0,1.0,0.0,,0.75
850,11000,0,0.0,,,31.0,0.439
851,11001,0,1.0,1.0,0.0,4.0,0.135
852,11057,1,0.0,1.0,0.0,15.0,1.0
853,11008,1,0.0,1.0,0.0,84.0,1.43
854,11004,0,0.0,1.0,0.0,,0.138
855,11036,0,1.0,1.0,0.0,11.0,4.506
856,11059,1,1.0,1.0,0.0,48.0,7.196
857,11079,0,0.0,1.0,0.0,40.0,3.15
858,11089,1,0.0,1.0,0.0,11.0,0.646
859,11090,0,1.0,1.0,,35.0,0.87
860,11099,1,1.0,0.0,0.0,55.0,1.769
861,11186,1,1.0,1.0,0.0,,67.697
862,11308,1,0.0,1.0,0.0,33.0,1.337
863,11335,0,1.0,1.0,0.0,14.0,0.175
864,11360,0,1.0,1.0,0.0,7.0,0.431
865,11376,0,1.0,1.0,0.0,11.0,0.66
866,11446,0,1.0,1.0,0.0,30.0,0.3
867,11461,1,1.0,1.0,0.0,33.0,1.0
868,11537,0,0.0,1.0,0.0,,0.07
869,11581,0,0.0,1.0,0.0,53.0,3.839
870,11654,0,1.0,1.0,0.0,45.0,1.45
871,11687,1,0.0,1.0,0.0,33.0,1.985
872,11704,0,0.0,1.0,0.0,,4.434
873,11700,1,1.0,1.0,0.0,40.0,3.6
874,11718,1,1.0,1.0,0.0,,3.915
875,11730,1,1.0,0.0,0.0,11.0,7.999
876,11766,0,0.0,,,38.0,0.318
877,11796,0,0.0,1.0,0.0,37.0,8.075
878,11838,1,0.0,1.0,0.0,0.0,0.09
879,11873,1,1.0,0.0,0.0,3.0,0.051
880,11886,1,0.0,,,1.0,0.3
881,11900,1,0.0,0.0,0.0,,5.57
882,11913,0,1.0,1.0,0.0,6.0,0.886
883,11933,0,1.0,1.0,,53.0,1.675
884,11941,1,1.0,1.0,0.0,43.0,9.849
885,11949,1,1.0,1.0,0.0,11.0,4.115
886,11961,1,0.0,1.0,0.0,30.0,9.685
887,13006,0,0.0,1.0,0.0,77.0,0.05
888,13010,0,1.0,1.0,0.0,16.0,0.07
889,13069,0,1.0,1.0,0.0,0.0,0.015
890,13071,0,0.0,0.0,0.0,40.0,1.988
891,13091,0,1.0,0.0,0.0,9.0,1.431
892,13098,1,1.0,1.0,0.0,6.0,0.576
893,13000,1,0.0,1.0,0.0,50.0,1.061
894,13004,0,0.0,1.0,0.0,,0.99
895,13019,0,0.0,1.0,0.0,16.0,1.8
896,13048,1,0.0,1.0,0.0,16.0,3.74
897,13050,1,1.0,1.0,0.0,70.0,17.404
898,13080,0,1.0,1.0,0.0,70.0,4.637
899,13090,1,0.0,1.0,0.0,8.0,4.01
900,13100,1,1.0,0.0,0.0,10.0,0.709
901,13153,0,1.0,1.0,0.0,9.0,0.405
902,13179,0,,1.0,0.0,50.0,0.8
903,13308,0,0.0,1.0,0.0,44.0,3.434
904,13339,0,1.0,1.0,0.0,34.0,0.795
905,13354,0,0.0,1.0,0.0,,3.33
906,13380,1,0.0,1.0,0.0,,1.645
907,13385,1,0.0,1.0,0.0,39.0,8.815
908,13404,0,1.0,1.0,0.0,6.0,0.4
909,13430,0,1.0,1.0,0.0,,0.54
910,13470,0,1.0,0.0,0.0,10.0,1.001
911,13471,1,0.0,1.0,0.0,14.0,7.185
912,13500,1,0.0,1.0,0.0,34.0,4.5
913,13513,0,1.0,0.0,0.0,43.0,0.088
914,13514,1,0.0,1.0,0.0,10.0,1.073
915,13543,1,1.0,0.0,0.0,19.0,0.83
916,13548,0,0.0,1.0,0.0,56.0,0.647
917,13551,1,0.0,1.0,0.0,44.0,3.685
918,13559,0,1.0,0.0,0.0,47.0,0.698
919,13570,1,1.0,1.0,0.0,6.0,0.05
920,13658,1,,1.0,0.0,17.0,1.039
921,13675,1,1.0,1.0,0.0,10.0,3.049
922,13681,0,1.0,1.0,0.0,,0.5
923,13697,1,1.0,1.0,0.0,51.0,1.11
924,13748,1,1.0,1.0,0.0,30.0,1.1
925,13764,0,1.0,1.0,0.0,18.0,1.86
926,13788,0,1.0,1.0,0.0,7.0,0.379
927,13795,1,1.0,1.0,0.0,33.0,0.054
928,13801,0,1.0,1.0,0.0,50.0,5.873
929,13879,0,1.0,1.0,0.0,18.0,6.198
930,13893,0,1.0,0.0,0.0,46.0,0.075
931,13900,0,1.0,1.0,0.0,6.0,0.036
932,13911,0,0.0,1.0,0.0,,0.043
933,13933,1,0.0,1.0,0.0,44.0,0.835
934,13960,0,1.0,1.0,0.0,40.0,0.3
935,13963,0,1.0,1.0,0.0,10.0,0.405
936,13984,0,1.0,1.0,0.0,34.0,0.404
937,14061,0,1.0,1.0,0.0,,0.038
938,14090,1,1.0,1.0,0.0,9.0,0.07
939,14006,0,1.0,1.0,0.0,31.0,1.486
940,14118,0,0.0,1.0,0.0,53.0,0.0
941,14133,1,0.0,1.0,0.0,,6.938
942,14150,1,1.0,1.0,0.0,8.0,0.1
943,14158,0,1.0,1.0,0.0,,0.1
944,14195,1,0.0,1.0,0.0,54.0,5.0
945,14306,0,0.0,1.0,0.0,18.0,3.365
946,14300,0,0.0,1.0,0.0,,0.58
947,14385,1,1.0,1.0,0.0,60.0,8.68
948,14460,1,0.0,1.0,0.0,4.0,1.445
949,14487,1,1.0,1.0,0.0,,3.081
950,14510,0,0.0,1.0,0.0,9.0,0.3
951,14531,0,1.0,1.0,0.0,19.0,0.05
952,14574,0,0.0,1.0,0.0,10.0,0.059
953,14594,0,1.0,1.0,0.0,13.0,0.456
954,14671,0,1.0,1.0,0.0,8.0,1.805
955,14691,0,1.0,1.0,0.0,55.0,1.901
956,14706,0,0.0,1.0,0.0,,0.75
957,14744,1,0.0,1.0,0.0,34.0,0.495
958,14745,1,0.0,1.0,0.0,38.0,3.735
959,14750,1,1.0,1.0,0.0,39.0,0.31
960,14754,1,1.0,1.0,0.0,10.0,4.878
961,14758,1,1.0,1.0,0.0,40.0,36.147
962,14770,0,1.0,1.0,0.0,45.0,0.35
963,14771,0,1.0,1.0,0.0,6.0,0.608
964,14810,1,,1.0,0.0,8.0,1.365
965,14865,0,0.0,1.0,0.0,49.0,4.714
966,14896,0,1.0,1.0,0.0,,0.315
967,14933,1,1.0,0.0,0.0,,1.931
968,14950,1,0.0,1.0,0.0,15.0,1.465
969,14954,1,0.0,1.0,0.0,14.0,10.869
970,14959,0,0.0,1.0,0.0,11.0,0.5
971,14975,1,0.0,1.0,0.0,68.0,9.008
972,15000,1,1.0,1.0,0.0,40.0,4.108
973,15010,0,1.0,0.0,0.0,8.0,0.15
974,15060,0,1.0,1.0,0.0,30.0,0.501
975,15080,0,1.0,1.0,0.0,39.0,4.8
976,15090,1,0.0,1.0,0.0,8.0,4.996
977,15037,1,0.0,1.0,0.0,49.0,88.71
978,15045,1,1.0,1.0,0.0,48.0,6.067
979,15050,1,0.0,1.0,0.0,7.0,4.995
980,15051,0,1.0,1.0,0.0,6.0,0.757
981,15098,1,0.0,1.0,0.0,1.0,0.1
982,15104,0,0.0,1.0,0.0,,1.0
983,15135,0,0.0,1.0,0.0,51.0,6.001
984,15183,1,1.0,1.0,,19.0,4.009
985,15185,0,0.0,1.0,0.0,39.0,0.3
986,15378,1,0.0,1.0,0.0,15.0,6.59
987,15383,1,0.0,1.0,0.0,8.0,1.39
988,15400,0,1.0,1.0,0.0,39.0,0.784
989,15406,1,0.0,1.0,0.0,1.0,3.108
990,15407,1,1.0,1.0,0.0,43.0,8.49
991,15435,0,1.0,1.0,,17.0,1.065
992,15438,0,0.0,1.0,0.0,9.0,0.5
993,15455,0,1.0,1.0,0.0,30.0,0.631
994,15475,1,1.0,1.0,0.0,6.0,1.105
995,15506,1,0.0,1.0,0.0,19.0,3.77
996,15561,1,0.0,1.0,0.0,48.0,6.144
997,15574,0,0.0,0.0,0.0,,3.065
998,15585,0,0.0,1.0,0.0,,0.356
999,15587,0,1.0,1.0,0.0,15.0,1.09
1000,15601,0,1.0,1.0,0.0,16.0,0.105
1001,15606,1,1.0,1.0,0.0,,0.04
1002,15659,1,1.0,1.0,0.0,15.0,1.766
1003,15680,1,0.0,1.0,0.0,31.0,1.316
1004,15693,1,0.0,1.0,0.0,7.0,1.095
1005,15731,1,0.0,0.0,0.0,40.0,0.6
1006,15760,1,1.0,1.0,0.0,53.0,0.576
1007,15799,0,0.0,1.0,0.0,5.0,0.5
1008,15801,0,0.0,1.0,0.0,63.0,1.985
1009,15805,1,,1.0,0.0,0.0,6.3
1010,15870,0,1.0,1.0,0.0,,0.184
1011,15898,1,1.0,1.0,0.0,55.0,0.06
1012,15901,0,1.0,1.0,0.0,78.0,0.015
1013,16013,1,1.0,1.0,0.0,40.0,1.903
1014,16031,0,0.0,1.0,0.0,7.0,7.18
1015,16070,1,1.0,0.0,0.0,69.0,3.11
1016,16080,1,1.0,1.0,0.0,54.0,7.39
1017,16013,1,0.0,1.0,0.0,9.0,1.908
1018,16088,0,1.0,1.0,0.0,11.0,0.986
1019,16139,0,1.0,1.0,0.0,40.0,3.775
1020,16147,1,1.0,1.0,0.0,36.0,4.303
1021,16170,0,0.0,1.0,0.0,8.0,0.764
1022,16300,0,0.0,1.0,0.0,34.0,0.801
1023,16306,1,1.0,1.0,0.0,,4.0
1024,16315,0,1.0,1.0,0.0,10.0,0.06
1025,16338,1,1.0,1.0,0.0,38.0,3.406
1026,16345,0,1.0,1.0,0.0,41.0,0.494
1027,16347,1,1.0,1.0,0.0,30.0,0.189
1028,16371,0,1.0,1.0,0.0,10.0,0.946
1029,16379,0,1.0,1.0,0.0,30.0,4.488
1030,16383,1,0.0,0.0,0.0,41.0,3.64
1031,16451,1,0.0,1.0,0.0,45.0,8.745
1032,16456,0,0.0,1.0,0.0,41.0,0.18
1033,16506,0,1.0,1.0,0.0,8.0,0.59
1034,16534,1,1.0,1.0,0.0,0.0,0.06
1035,16546,0,0.0,1.0,0.0,10.0,0.663
1036,16561,0,1.0,1.0,0.0,73.0,1.546
1037,16571,0,0.0,1.0,0.0,74.0,1.064
1038,16580,1,1.0,1.0,0.0,17.0,0.036
1039,16603,1,1.0,1.0,0.0,6.0,0.0
1040,16614,0,1.0,1.0,0.0,45.0,1.903
1041,16676,1,0.0,1.0,0.0,58.0,0.31
1042,16677,0,0.0,1.0,0.0,,0.05
1043,16697,1,0.0,1.0,0.0,9.0,3.05
1044,16708,1,1.0,1.0,0.0,48.0,0.87
1045,16738,0,1.0,1.0,0.0,37.0,0.935
1046,16748,0,1.0,1.0,0.0,55.0,0.404
1047,16769,1,0.0,1.0,0.0,5.0,1.475
1048,16773,0,0.0,1.0,0.0,10.0,0.069
1049,16798,0,1.0,1.0,0.0,,0.05
1050,16844,1,0.0,1.0,0.0,47.0,3.675
1051,16869,1,0.0,1.0,0.0,31.0,1.396
1052,16870,1,1.0,1.0,0.0,11.0,4.035
1053,16906,1,1.0,1.0,0.0,58.0,9.485
1054,16908,0,0.0,1.0,0.0,14.0,0.15
1055,16909,1,1.0,1.0,0.0,,0.161
1056,16989,0,0.0,1.0,0.0,49.0,0.095
1057,17039,0,1.0,1.0,0.0,86.0,1.694
1058,17048,1,1.0,1.0,0.0,19.0,1.985
1059,17101,1,0.0,1.0,0.0,,0.974
1060,17148,1,1.0,1.0,0.0,63.0,4.504
1061,17160,0,1.0,1.0,0.0,47.0,0.48
1062,17165,0,1.0,1.0,0.0,8.0,0.879
1063,17176,0,1.0,1.0,0.0,15.0,0.055
1064,17196,1,1.0,1.0,0.0,14.0,1.65
1065,17303,1,1.0,1.0,1.0,15.0,96.007
1066,17334,0,0.0,1.0,0.0,78.0,0.078
1067,17405,1,0.0,1.0,0.0,34.0,7.364
1068,17433,0,0.0,1.0,0.0,17.0,0.05
1069,17470,0,0.0,1.0,0.0,33.0,0.08
1070,17487,0,0.0,1.0,0.0,35.0,0.95
1071,17507,0,0.0,1.0,0.0,59.0,1.675
1072,17550,1,1.0,1.0,0.0,33.0,3.03
1073,17560,0,0.0,0.0,0.0,35.0,0.309
1074,17599,1,0.0,1.0,0.0,35.0,1.717
1075,17638,1,0.0,1.0,0.0,7.0,0.64
1076,17700,1,1.0,1.0,0.0,40.0,0.711
1077,17704,1,0.0,0.0,0.0,8.0,1.699
1078,17708,1,1.0,0.0,0.0,13.0,1.006
1079,17739,0,0.0,1.0,0.0,56.0,0.036
1080,17749,0,1.0,1.0,0.0,38.0,0.507
1081,17786,0,1.0,1.0,0.0,77.0,1.0
1082,17790,0,0.0,1.0,0.0,33.0,0.6
1083,17798,0,1.0,1.0,0.0,35.0,1.713
1084,17801,0,1.0,1.0,0.0,16.0,5.6
1085,17803,1,0.0,0.0,0.0,36.0,6.106
1086,17843,1,0.0,1.0,0.0,,3.3
1087,17897,0,1.0,,,58.0,0.648
1088,17945,1,1.0,1.0,0.0,3.0,0.346
1089,17954,0,1.0,1.0,0.0,39.0,0.45
1090,17960,0,1.0,1.0,0.0,16.0,5.598
1091,18089,1,0.0,0.0,0.0,47.0,6.07
1092,18000,1,0.0,1.0,0.0,45.0,4.075
1093,18037,0,1.0,1.0,0.0,10.0,5.88
1094,18048,0,1.0,1.0,0.0,39.0,1.471
1095,18057,1,0.0,1.0,0.0,47.0,0.08
1096,18095,1,0.0,1.0,0.0,50.0,3.095
1097,18109,0,1.0,1.0,0.0,65.0,4.558
1098,18110,1,0.0,1.0,0.0,43.0,3.394
1099,18194,0,1.0,1.0,0.0,16.0,0.895
1100,18300,1,1.0,1.0,0.0,43.0,3.8
1101,18319,1,0.0,1.0,0.0,9.0,0.19
1102,18330,1,0.0,1.0,0.0,49.0,3.73
1103,18340,1,1.0,1.0,0.0,54.0,7.367
1104,18341,1,1.0,1.0,0.0,46.0,4.01
1105,18368,1,0.0,1.0,0.0,36.0,8.476
1106,18455,1,0.0,1.0,0.0,36.0,4.315
1107,18460,1,0.0,1.0,0.0,50.0,3.786
1108,18463,0,0.0,1.0,0.0,54.0,0.748
1109,18509,0,1.0,1.0,0.0,40.0,0.005
1110,18511,0,1.0,1.0,0.0,46.0,3.5
1111,18550,1,0.0,1.0,0.0,6.0,0.354
1112,18607,0,0.0,1.0,0.0,,0.3
1113,18653,1,1.0,0.0,0.0,11.0,3.37
1114,18663,1,1.0,1.0,0.0,0.0,7.169
1115,18737,1,0.0,1.0,0.0,4.0,0.31
1116,18753,0,1.0,1.0,0.0,4.0,0.19
1117,18766,1,1.0,1.0,0.0,14.0,5.83
1118,18784,1,0.0,1.0,0.0,30.0,1.816
1119,18790,0,1.0,1.0,0.0,60.0,0.3
1120,18795,1,1.0,1.0,0.0,,1.0
1121,18803,0,1.0,1.0,0.0,,0.5
1122,18835,0,0.0,1.0,1.0,36.0,3.909
1123,18861,1,0.0,1.0,0.0,18.0,6.08
1124,18887,0,1.0,1.0,0.0,46.0,0.73
1125,18941,0,1.0,1.0,0.0,37.0,4.609
1126,18945,0,1.0,1.0,0.0,,0.08
1127,18954,0,1.0,1.0,0.0,6.0,0.06
1128,18984,0,1.0,1.0,0.0,61.0,1.051
1129,18987,0,0.0,1.0,0.0,10.0,0.1
1130,18990,1,1.0,1.0,0.0,30.0,5.595
1131,19075,1,0.0,1.0,0.0,8.0,3.514
1132,19033,0,1.0,1.0,0.0,,0.05
1133,19061,1,1.0,1.0,0.0,13.0,4.095
1134,19067,0,0.0,1.0,0.0,36.0,1.59
1135,19069,0,1.0,1.0,0.0,57.0,3.915
1136,19070,0,1.0,1.0,0.0,61.0,0.39
1137,19087,1,0.0,1.0,0.0,48.0,0.755
1138,19093,0,0.0,0.0,0.0,17.0,0.579
1139,19108,1,0.0,1.0,0.0,10.0,5.057
1140,19173,1,1.0,1.0,0.0,30.0,1.0
1141,19195,1,1.0,1.0,0.0,,4.165
1142,19350,0,0.0,1.0,0.0,44.0,4.569
1143,19389,1,1.0,1.0,0.0,13.0,3.807
1144,19395,0,1.0,1.0,0.0,39.0,4.061
1145,19406,0,0.0,1.0,0.0,13.0,0.13
1146,19404,1,1.0,1.0,0.0,46.0,0.507
1147,19410,1,0.0,0.0,0.0,51.0,40.574
1148,19440,0,1.0,1.0,0.0,7.0,3.734
1149,19446,1,1.0,1.0,,7.0,0.156
1150,19447,1,0.0,0.0,0.0,5.0,1.45
1151,19465,1,1.0,1.0,0.0,54.0,4.097
1152,19490,0,0.0,1.0,0.0,,0.15
1153,19558,0,0.0,1.0,0.0,44.0,3.549
1154,19560,1,1.0,0.0,1.0,45.0,3.37
1155,19609,0,1.0,1.0,0.0,0.0,0.09
1156,19605,1,0.0,1.0,0.0,37.0,1.951
1157,19670,0,0.0,1.0,0.0,59.0,0.188
1158,19683,1,0.0,0.0,0.0,3.0,0.378
1159,19701,1,1.0,1.0,0.0,6.0,3.53
1160,19710,0,1.0,1.0,0.0,5.0,0.155
1161,19761,0,0.0,1.0,0.0,,1.34
1162,19765,1,1.0,0.0,0.0,40.0,10.718
1163,19790,0,0.0,,,11.0,3.318
1164,19814,0,0.0,1.0,0.0,34.0,0.05
1165,19837,1,0.0,1.0,0.0,76.0,0.15
1166,19857,0,,,,,0.0
1167,19884,1,1.0,1.0,0.0,50.0,1.065
1168,19961,0,1.0,1.0,0.0,6.0,4.065
1169,30010,1,0.0,,,,3.49
1170,30017,1,1.0,1.0,0.0,3.0,0.095
1171,30033,0,0.0,1.0,0.0,9.0,3.578
1172,30085,0,0.0,1.0,0.0,13.0,0.746
1173,30064,0,1.0,1.0,0.0,68.0,0.004
1174,30163,1,0.0,1.0,0.0,16.0,1.909
1175,30306,1,,1.0,0.0,,3.675
1176,30357,1,0.0,1.0,0.0,56.0,15.001
1177,30381,1,0.0,1.0,0.0,38.0,5.06
1178,30384,0,1.0,1.0,0.0,13.0,1.6
1179,30430,1,1.0,1.0,0.0,37.0,13.789
1180,30436,0,0.0,1.0,0.0,,0.098
1181,30448,1,0.0,0.0,0.0,9.0,3.76
1182,30483,1,1.0,,,33.0,4.835
1183,30490,0,0.0,1.0,0.0,0.0,0.309
1184,30498,1,0.0,1.0,0.0,10.0,3.19
1185,30501,0,1.0,1.0,0.0,34.0,0.674
1186,30548,0,0.0,1.0,0.0,,0.04
1187,30557,0,0.0,1.0,0.0,40.0,0.915
1188,30588,1,1.0,1.0,0.0,44.0,13.0
1189,30594,0,0.0,1.0,0.0,9.0,1.393
1190,30634,1,0.0,1.0,0.0,48.0,3.549
1191,30670,1,1.0,1.0,0.0,0.0,0.535
1192,30683,1,1.0,1.0,0.0,5.0,0.17
1193,30759,1,0.0,1.0,0.0,,4.03
1194,30781,0,1.0,1.0,0.0,7.0,0.599
1195,30790,1,0.0,1.0,0.0,18.0,1.605
1196,30793,1,1.0,1.0,0.0,35.0,4.333
1197,30799,1,0.0,1.0,0.0,76.0,3.756
1198,30816,0,1.0,1.0,0.0,17.0,0.497
1199,30900,1,1.0,1.0,0.0,,4.673
1200,30908,0,0.0,0.0,0.0,15.0,1.009
1201,30903,0,1.0,1.0,0.0,,0.15
1202,30909,0,1.0,1.0,0.0,11.0,0.436
1203,30915,0,0.0,1.0,0.0,38.0,0.8
1204,30931,1,1.0,1.0,0.0,6.0,3.78
1205,30948,0,1.0,1.0,0.0,53.0,0.405
1206,30013,0,1.0,1.0,0.0,47.0,0.019
1207,30050,1,0.0,1.0,0.0,40.0,3.59
1208,30051,1,1.0,1.0,0.0,3.0,0.607
1209,30063,0,1.0,1.0,0.0,55.0,3.348
1210,30015,0,0.0,1.0,0.0,80.0,0.347
1211,30040,0,1.0,1.0,0.0,9.0,1.747
1212,30065,1,1.0,1.0,0.0,51.0,4.017
1213,30108,0,1.0,1.0,0.0,7.0,0.358
1214,30179,0,1.0,1.0,0.0,7.0,0.06
1215,30383,1,1.0,1.0,0.0,11.0,8.641
1216,30389,0,1.0,1.0,0.0,10.0,0.339
1217,30408,1,1.0,1.0,0.0,19.0,5.1
1218,30403,0,1.0,1.0,0.0,40.0,0.835
1219,30507,0,1.0,1.0,0.0,30.0,0.39
1220,30584,0,1.0,1.0,0.0,47.0,0.6
1221,30675,1,1.0,1.0,0.0,8.0,1.595
1222,30709,1,1.0,1.0,0.0,48.0,1.334
1223,30751,0,,1.0,0.0,34.0,0.15
1224,30770,1,1.0,1.0,0.0,33.0,0.706
1225,30775,1,1.0,1.0,0.0,44.0,3.713
1226,30783,1,0.0,1.0,0.0,,3.899
1227,30806,1,0.0,1.0,0.0,,0.161
1228,30816,1,0.0,1.0,0.0,46.0,1.807
1229,30840,0,1.0,1.0,0.0,,0.57
1230,30858,0,1.0,1.0,0.0,39.0,0.944
1231,30880,0,0.0,1.0,0.0,,0.1
1232,30903,0,1.0,0.0,0.0,49.0,4.491
1233,30957,1,1.0,1.0,0.0,58.0,3.306
1234,30961,0,1.0,1.0,0.0,,1.64
1235,30976,1,1.0,1.0,0.0,0.0,0.763
1236,30998,1,1.0,1.0,0.0,15.0,1.556
1237,31003,1,1.0,1.0,0.0,70.0,0.095
1238,31011,0,1.0,1.0,0.0,40.0,0.398
1239,31016,0,1.0,1.0,0.0,8.0,0.015
1240,31036,1,0.0,1.0,0.0,30.0,3.57
1241,31056,1,1.0,0.0,0.0,31.0,3.343
1242,31059,1,0.0,1.0,0.0,46.0,6.04
1243,31075,1,1.0,1.0,0.0,10.0,1.673
1244,31096,0,1.0,1.0,0.0,,0.175
1245,31001,0,0.0,1.0,0.0,50.0,0.135
1246,31008,0,,1.0,0.0,45.0,0.358
1247,31010,0,1.0,1.0,0.0,8.0,0.0
1248,31041,1,0.0,1.0,0.0,50.0,1.015
1249,31056,1,1.0,1.0,0.0,,0.37
1250,31081,1,0.0,,,7.0,1.85
1251,31094,1,0.0,1.0,0.0,17.0,1.968
1252,31107,1,1.0,1.0,0.0,0.0,0.3
1253,31111,0,0.0,1.0,0.0,66.0,1.545
1254,31118,1,0.0,1.0,0.0,37.0,4.318
1255,31141,0,0.0,1.0,0.0,48.0,0.455
1256,31159,1,0.0,1.0,1.0,30.0,30.64
1257,31330,0,0.0,1.0,0.0,7.0,0.453
1258,31350,0,1.0,1.0,0.0,36.0,6.908
1259,31386,1,0.0,1.0,0.0,39.0,4.3
1260,31388,0,0.0,1.0,0.0,0.0,0.44
1261,31400,1,1.0,1.0,0.0,35.0,1.701
1262,31480,1,0.0,1.0,0.0,0.0,0.013
1263,31500,1,1.0,1.0,0.0,39.0,0.936
1264,31508,0,0.0,1.0,0.0,36.0,0.507
1265,31531,1,0.0,1.0,0.0,,0.565
1266,31556,0,1.0,1.0,0.0,37.0,0.193
1267,31581,1,1.0,1.0,0.0,,7.551
1268,31590,1,0.0,1.0,0.0,50.0,1.608
1269,31594,1,1.0,1.0,0.0,,3.5
1270,31637,0,1.0,1.0,0.0,7.0,0.449
1271,31667,1,0.0,1.0,0.0,40.0,3.735
1272,31700,0,1.0,1.0,0.0,34.0,0.15
1273,31739,0,1.0,1.0,0.0,18.0,0.85
1274,31750,0,1.0,1.0,0.0,0.0,0.3
1275,31784,0,1.0,1.0,0.0,5.0,0.19
1276,31798,1,1.0,1.0,,50.0,3.3
1277,31905,1,0.0,1.0,0.0,9.0,7.6
1278,31944,1,1.0,1.0,0.0,9.0,6.459
1279,31960,1,1.0,1.0,0.0,50.0,4.986
1280,31994,1,0.0,1.0,0.0,36.0,0.465
1281,33005,1,0.0,1.0,0.0,30.0,3.735
1282,33033,1,1.0,1.0,0.0,0.0,0.067
1283,33047,1,0.0,0.0,0.0,30.0,4.147
1284,33054,0,0.0,1.0,0.0,8.0,0.485
1285,33015,0,1.0,1.0,0.0,40.0,0.05
1286,33037,1,1.0,1.0,1.0,44.0,55.709
1287,33050,0,0.0,0.0,0.0,10.0,0.04
1288,33068,0,1.0,1.0,0.0,4.0,1.165
1289,33073,1,1.0,1.0,0.0,41.0,5.6
1290,33085,0,0.0,1.0,1.0,,6.1
1291,33144,0,1.0,1.0,0.0,19.0,1.537
1292,33150,0,0.0,1.0,0.0,10.0,0.964
1293,33165,0,0.0,1.0,0.0,40.0,0.749
1294,33177,1,1.0,1.0,0.0,,1.041
1295,33198,1,1.0,1.0,0.0,18.0,3.18
1296,33307,0,0.0,1.0,0.0,36.0,4.448
1297,33318,1,0.0,0.0,0.0,,3.8
1298,33330,0,1.0,1.0,0.0,8.0,1.195
1299,33379,0,1.0,1.0,0.0,19.0,7.393
1300,33440,1,0.0,1.0,0.0,71.0,1.595
1301,33450,0,1.0,1.0,0.0,,0.7
1302,33455,0,1.0,1.0,0.0,9.0,0.364
1303,33466,1,1.0,1.0,0.0,,3.845
1304,33468,0,1.0,1.0,0.0,,0.5
1305,33498,0,0.0,1.0,0.0,,0.0
1306,33503,0,1.0,1.0,0.0,38.0,0.005
1307,33553,0,1.0,1.0,0.0,10.0,0.019
1308,33587,1,1.0,1.0,0.0,43.0,5.434
1309,33590,1,0.0,1.0,0.0,30.0,3.034
1310,33607,1,1.0,1.0,0.0,40.0,0.905
1311,33614,1,0.0,1.0,0.0,40.0,5.168
1312,33661,1,1.0,1.0,0.0,45.0,14.884
1313,33687,0,1.0,1.0,0.0,7.0,0.986
1314,33697,0,0.0,1.0,0.0,7.0,0.107
1315,33741,1,0.0,1.0,0.0,8.0,1.105
1316,33744,0,1.0,0.0,,10.0,0.158
1317,33750,1,0.0,1.0,0.0,7.0,3.535
1318,33759,0,1.0,1.0,0.0,,0.07
1319,33778,0,0.0,1.0,0.0,34.0,0.763
1320,33840,0,1.0,1.0,0.0,,0.54
1321,33858,1,0.0,1.0,0.0,,3.437
1322,33865,0,1.0,1.0,0.0,1.0,0.08
1323,33881,1,1.0,1.0,0.0,9.0,5.46
1324,33883,1,0.0,1.0,0.0,10.0,6.564
1325,34000,1,1.0,1.0,0.0,9.0,3.169
1326,34035,1,1.0,1.0,0.0,7.0,0.688
1327,34050,1,1.0,1.0,0.0,70.0,0.505
1328,34055,1,0.0,1.0,0.0,14.0,0.4
1329,34085,0,1.0,1.0,0.0,33.0,0.535
1330,34011,0,0.0,1.0,0.0,33.0,6.817
1331,34030,1,1.0,1.0,0.0,3.0,0.95
1332,34066,0,1.0,1.0,0.0,9.0,0.0
1333,34089,0,0.0,1.0,0.0,49.0,0.0
1334,34104,0,1.0,1.0,0.0,16.0,0.06
1335,34100,0,0.0,1.0,0.0,,0.576
1336,34110,1,1.0,1.0,0.0,46.0,3.705
1337,34113,0,1.0,1.0,0.0,39.0,0.099
1338,34145,1,1.0,0.0,0.0,8.0,3.177
1339,34153,0,1.0,1.0,0.0,30.0,0.688
